-- phpMyAdmin SQL Dump
-- version 5.2.1
-- https://www.phpmyadmin.net/
--
-- Host: 127.0.0.1
-- Generation Time: May 05, 2025 at 02:49 AM
-- Server version: 10.4.32-MariaDB
-- PHP Version: 8.2.12

SET SQL_MODE = "NO_AUTO_VALUE_ON_ZERO";
START TRANSACTION;
SET time_zone = "+00:00";


/*!40101 SET @OLD_CHARACTER_SET_CLIENT=@@CHARACTER_SET_CLIENT */;
/*!40101 SET @OLD_CHARACTER_SET_RESULTS=@@CHARACTER_SET_RESULTS */;
/*!40101 SET @OLD_COLLATION_CONNECTION=@@COLLATION_CONNECTION */;
/*!40101 SET NAMES utf8mb4 */;

--
-- Database: `pos1`
--

DELIMITER $$
--
-- Procedures
--
CREATE DEFINER=`root`@`localhost` PROCEDURE `GetLowStockProducts` (IN `threshold` INT)   BEGIN
                SELECT 
                    p.id,
                    p.product_name,
                    p.product_code,
                    p.product_store,
                    c.name as category_name,
                    s.name as supplier_name,
                    p.buying_price,
                    p.selling_price
                FROM 
                    products p
                JOIN 
                    categories c ON p.category_id = c.id
                JOIN 
                    suppliers s ON p.supplier_id = s.id
                WHERE 
                    p.product_store <= threshold
                ORDER BY 
                    p.product_store ASC;
            END$$

CREATE DEFINER=`root`@`localhost` PROCEDURE `GetSalesByCategory` (IN `start_date` DATE, IN `end_date` DATE)   BEGIN
                SELECT 
                    c.name as category_name,
                    COUNT(DISTINCT o.id) as order_count,
                    SUM(o.total) as total_sales,
                    SUM(o.pay) as total_paid,
                    SUM(o.due) as total_due
                FROM 
                    orders o
                JOIN 
                    order_details od ON o.id = od.order_id
                JOIN 
                    products p ON od.product_id = p.id
                JOIN 
                    categories c ON p.category_id = c.id
                WHERE 
                    o.order_date BETWEEN start_date AND end_date
                GROUP BY 
                    c.name
                ORDER BY 
                    total_sales DESC;
            END$$

DELIMITER ;

-- --------------------------------------------------------

--
-- Table structure for table `attendences`
--

CREATE TABLE `attendences` (
  `id` bigint(20) UNSIGNED NOT NULL,
  `employee_id` int(11) NOT NULL,
  `date` date NOT NULL,
  `status` varchar(255) NOT NULL,
  `created_at` timestamp NULL DEFAULT NULL,
  `updated_at` timestamp NULL DEFAULT NULL
) ENGINE=InnoDB DEFAULT CHARSET=utf8mb4 COLLATE=utf8mb4_unicode_ci;

-- --------------------------------------------------------

--
-- Table structure for table `categories`
--

CREATE TABLE `categories` (
  `id` bigint(20) UNSIGNED NOT NULL,
  `name` varchar(255) NOT NULL,
  `slug` varchar(255) NOT NULL,
  `created_at` timestamp NULL DEFAULT NULL,
  `updated_at` timestamp NULL DEFAULT NULL,
  `deleted_at` timestamp NULL DEFAULT NULL
) ENGINE=InnoDB DEFAULT CHARSET=utf8mb4 COLLATE=utf8mb4_unicode_ci;

--
-- Dumping data for table `categories`
--

INSERT INTO `categories` (`id`, `name`, `slug`, `created_at`, `updated_at`, `deleted_at`) VALUES
(1, 'GPU', 'gpu', '2025-05-04 02:10:35', '2025-05-04 02:10:35', NULL);

-- --------------------------------------------------------

--
-- Table structure for table `customers`
--

CREATE TABLE `customers` (
  `id` bigint(20) UNSIGNED NOT NULL,
  `name` varchar(255) NOT NULL,
  `email` varchar(255) NOT NULL,
  `phone` varchar(255) NOT NULL,
  `address` text DEFAULT NULL,
  `shopname` varchar(255) DEFAULT NULL,
  `photo` varchar(255) DEFAULT NULL,
  `account_holder` varchar(255) DEFAULT NULL,
  `account_number` varchar(255) DEFAULT NULL,
  `bank_name` varchar(255) DEFAULT NULL,
  `bank_branch` varchar(255) DEFAULT NULL,
  `city` varchar(255) DEFAULT NULL,
  `created_at` timestamp NULL DEFAULT NULL,
  `updated_at` timestamp NULL DEFAULT NULL,
  `deleted_at` timestamp NULL DEFAULT NULL
) ENGINE=InnoDB DEFAULT CHARSET=utf8mb4 COLLATE=utf8mb4_unicode_ci;

-- --------------------------------------------------------

--
-- Table structure for table `employees`
--

CREATE TABLE `employees` (
  `id` bigint(20) UNSIGNED NOT NULL,
  `name` varchar(255) NOT NULL,
  `email` varchar(255) NOT NULL,
  `phone` varchar(255) NOT NULL,
  `address` text DEFAULT NULL,
  `experience` varchar(255) DEFAULT NULL,
  `photo` varchar(255) DEFAULT NULL,
  `salary` int(11) DEFAULT NULL,
  `vacation` varchar(255) DEFAULT NULL,
  `city` varchar(255) DEFAULT NULL,
  `created_at` timestamp NULL DEFAULT NULL,
  `updated_at` timestamp NULL DEFAULT NULL
) ENGINE=InnoDB DEFAULT CHARSET=utf8mb4 COLLATE=utf8mb4_unicode_ci;

-- --------------------------------------------------------

--
-- Table structure for table `failed_jobs`
--

CREATE TABLE `failed_jobs` (
  `id` bigint(20) UNSIGNED NOT NULL,
  `uuid` varchar(255) NOT NULL,
  `connection` text NOT NULL,
  `queue` text NOT NULL,
  `payload` longtext NOT NULL,
  `exception` longtext NOT NULL,
  `failed_at` timestamp NOT NULL DEFAULT current_timestamp()
) ENGINE=InnoDB DEFAULT CHARSET=utf8mb4 COLLATE=utf8mb4_unicode_ci;

-- --------------------------------------------------------

--
-- Table structure for table `low_stock_procedure`
--

CREATE TABLE `low_stock_procedure` (
  `id` bigint(20) UNSIGNED NOT NULL,
  `created_at` timestamp NULL DEFAULT NULL,
  `updated_at` timestamp NULL DEFAULT NULL
) ENGINE=InnoDB DEFAULT CHARSET=utf8mb4 COLLATE=utf8mb4_unicode_ci;

-- --------------------------------------------------------

--
-- Table structure for table `migrations`
--

CREATE TABLE `migrations` (
  `id` int(10) UNSIGNED NOT NULL,
  `migration` varchar(255) NOT NULL,
  `batch` int(11) NOT NULL
) ENGINE=InnoDB DEFAULT CHARSET=utf8mb4 COLLATE=utf8mb4_unicode_ci;

--
-- Dumping data for table `migrations`
--

INSERT INTO `migrations` (`id`, `migration`, `batch`) VALUES
(1, '2014_10_12_000000_create_users_table', 1),
(2, '2014_10_12_100000_create_password_reset_tokens_table', 1),
(3, '2019_08_19_000000_create_failed_jobs_table', 1),
(4, '2019_12_14_000001_create_personal_access_tokens_table', 1),
(5, '2023_03_15_044621_add_username_and_photo_to_users', 1),
(6, '2023_03_24_080143_create_employees_table', 1),
(7, '2023_03_29_025458_create_customers_table', 1),
(8, '2023_03_30_020042_create_suppliers_table', 1),
(9, '2023_04_02_141037_create_attendences_table', 1),
(10, '2023_04_04_041700_create_categories_table', 1),
(11, '2023_04_04_052256_create_products_table', 1),
(12, '2023_04_10_043156_create_orders_table', 1),
(13, '2023_04_10_044212_create_order_details_table', 1),
(14, '2023_04_13_222344_create_permission_tables', 1),
(15, '2023_08_01_000001_create_sales_summary_view', 1),
(16, '2025_05_03_112838_create_low_stock_procedure', 1),
(17, '2025_05_03_114133_create_sales_by_category_procedure', 1),
(18, '2025_05_03_120543_fix_sales_by_category_procedure', 1),
(19, '2025_05_03_134918_add_soft_delete_to_products_table', 1),
(20, '2025_05_03_134919_add_soft_delete_to_categories_table', 1),
(21, '2025_05_03_134920_add_soft_delete_to_customers_table', 1),
(22, '2025_05_03_134921_add_soft_delete_to_suppliers_table', 1),
(23, '2025_05_03_135607_add_soft_deletes_to_suppliers_table', 1),
(24, '2025_05_03_135608_add_soft_deletes_to_customers_table', 1),
(25, '2025_05_03_135609_add_soft_deletes_to_products_table', 1),
(26, '2025_05_03_135610_add_soft_deletes_to_categories_table', 1),
(27, '2025_05_04_094023_create_top_products_view', 1),
(28, 'create_low_stock_procedure', 1),
(29, 'create_sales_by_category_procedure', 1),
(30, 'fix_sales_by_category_procedure', 1),
(31, 'xxxx_xx_xx_add_soft_deletes_to_categories_table', 1),
(32, 'xxxx_xx_xx_add_soft_deletes_to_customers_table', 1),
(33, 'xxxx_xx_xx_add_soft_deletes_to_products_table', 1),
(34, 'xxxx_xx_xx_add_soft_deletes_to_suppliers_table', 1);

-- --------------------------------------------------------

--
-- Table structure for table `model_has_permissions`
--

CREATE TABLE `model_has_permissions` (
  `permission_id` bigint(20) UNSIGNED NOT NULL,
  `model_type` varchar(255) NOT NULL,
  `model_id` bigint(20) UNSIGNED NOT NULL
) ENGINE=InnoDB DEFAULT CHARSET=utf8mb4 COLLATE=utf8mb4_unicode_ci;

-- --------------------------------------------------------

--
-- Table structure for table `model_has_roles`
--

CREATE TABLE `model_has_roles` (
  `role_id` bigint(20) UNSIGNED NOT NULL,
  `model_type` varchar(255) NOT NULL,
  `model_id` bigint(20) UNSIGNED NOT NULL
) ENGINE=InnoDB DEFAULT CHARSET=utf8mb4 COLLATE=utf8mb4_unicode_ci;

--
-- Dumping data for table `model_has_roles`
--

INSERT INTO `model_has_roles` (`role_id`, `model_type`, `model_id`) VALUES
(1, 'App\\Models\\User', 1),
(3, 'App\\Models\\User', 2);

-- --------------------------------------------------------

--
-- Table structure for table `orders`
--

CREATE TABLE `orders` (
  `id` bigint(20) UNSIGNED NOT NULL,
  `customer_id` varchar(255) NOT NULL,
  `order_date` varchar(255) NOT NULL,
  `order_status` varchar(255) NOT NULL,
  `total_products` int(11) NOT NULL,
  `sub_total` int(11) DEFAULT NULL,
  `vat` int(11) DEFAULT NULL,
  `invoice_no` varchar(255) DEFAULT NULL,
  `total` int(11) DEFAULT NULL,
  `payment_status` varchar(255) DEFAULT NULL,
  `pay` int(11) DEFAULT NULL,
  `due` int(11) DEFAULT NULL,
  `created_at` timestamp NULL DEFAULT NULL,
  `updated_at` timestamp NULL DEFAULT NULL
) ENGINE=InnoDB DEFAULT CHARSET=utf8mb4 COLLATE=utf8mb4_unicode_ci;

-- --------------------------------------------------------

--
-- Table structure for table `order_details`
--

CREATE TABLE `order_details` (
  `id` bigint(20) UNSIGNED NOT NULL,
  `order_id` varchar(255) NOT NULL,
  `product_id` varchar(255) NOT NULL,
  `quantity` int(11) DEFAULT NULL,
  `unitcost` int(11) DEFAULT NULL,
  `total` int(11) DEFAULT NULL,
  `created_at` timestamp NULL DEFAULT NULL,
  `updated_at` timestamp NULL DEFAULT NULL
) ENGINE=InnoDB DEFAULT CHARSET=utf8mb4 COLLATE=utf8mb4_unicode_ci;

-- --------------------------------------------------------

--
-- Table structure for table `password_reset_tokens`
--

CREATE TABLE `password_reset_tokens` (
  `email` varchar(255) NOT NULL,
  `token` varchar(255) NOT NULL,
  `created_at` timestamp NULL DEFAULT NULL
) ENGINE=InnoDB DEFAULT CHARSET=utf8mb4 COLLATE=utf8mb4_unicode_ci;

-- --------------------------------------------------------

--
-- Table structure for table `permissions`
--

CREATE TABLE `permissions` (
  `id` bigint(20) UNSIGNED NOT NULL,
  `name` varchar(255) NOT NULL,
  `guard_name` varchar(255) NOT NULL,
  `group_name` varchar(255) NOT NULL,
  `created_at` timestamp NULL DEFAULT NULL,
  `updated_at` timestamp NULL DEFAULT NULL
) ENGINE=InnoDB DEFAULT CHARSET=utf8mb4 COLLATE=utf8mb4_unicode_ci;

--
-- Dumping data for table `permissions`
--

INSERT INTO `permissions` (`id`, `name`, `guard_name`, `group_name`, `created_at`, `updated_at`) VALUES
(1, 'pos.menu', 'web', 'pos', '2025-05-04 02:10:00', '2025-05-04 02:10:00'),
(2, 'employee.menu', 'web', 'employee', '2025-05-04 02:10:00', '2025-05-04 02:10:00'),
(3, 'customer.menu', 'web', 'customer', '2025-05-04 02:10:00', '2025-05-04 02:10:00'),
(4, 'supplier.menu', 'web', 'supplier', '2025-05-04 02:10:00', '2025-05-04 02:10:00'),
(5, 'attendence.menu', 'web', 'attendence', '2025-05-04 02:10:00', '2025-05-04 02:10:00'),
(6, 'category.menu', 'web', 'category', '2025-05-04 02:10:00', '2025-05-04 02:10:00'),
(7, 'product.menu', 'web', 'product', '2025-05-04 02:10:00', '2025-05-04 02:10:00'),
(8, 'orders.menu', 'web', 'orders', '2025-05-04 02:10:00', '2025-05-04 02:10:00'),
(9, 'stock.menu', 'web', 'stock', '2025-05-04 02:10:00', '2025-05-04 02:10:00'),
(10, 'roles.menu', 'web', 'roles', '2025-05-04 02:10:00', '2025-05-04 02:10:00'),
(11, 'user.menu', 'web', 'user', '2025-05-04 02:10:00', '2025-05-04 02:10:00'),
(12, 'database.menu', 'web', 'database', '2025-05-04 02:10:00', '2025-05-04 02:10:00');

-- --------------------------------------------------------

--
-- Table structure for table `personal_access_tokens`
--

CREATE TABLE `personal_access_tokens` (
  `id` bigint(20) UNSIGNED NOT NULL,
  `tokenable_type` varchar(255) NOT NULL,
  `tokenable_id` bigint(20) UNSIGNED NOT NULL,
  `name` varchar(255) NOT NULL,
  `token` varchar(64) NOT NULL,
  `abilities` text DEFAULT NULL,
  `last_used_at` timestamp NULL DEFAULT NULL,
  `expires_at` timestamp NULL DEFAULT NULL,
  `created_at` timestamp NULL DEFAULT NULL,
  `updated_at` timestamp NULL DEFAULT NULL
) ENGINE=InnoDB DEFAULT CHARSET=utf8mb4 COLLATE=utf8mb4_unicode_ci;

-- --------------------------------------------------------

--
-- Table structure for table `products`
--

CREATE TABLE `products` (
  `id` bigint(20) UNSIGNED NOT NULL,
  `product_name` varchar(255) NOT NULL,
  `category_id` int(11) NOT NULL,
  `supplier_id` int(11) NOT NULL,
  `product_code` varchar(255) DEFAULT NULL,
  `product_garage` varchar(255) DEFAULT NULL,
  `product_image` varchar(255) DEFAULT NULL,
  `product_store` int(11) DEFAULT NULL,
  `buying_date` date DEFAULT NULL,
  `expire_date` varchar(255) DEFAULT NULL,
  `buying_price` int(11) DEFAULT NULL,
  `selling_price` int(11) DEFAULT NULL,
  `created_at` timestamp NULL DEFAULT NULL,
  `updated_at` timestamp NULL DEFAULT NULL,
  `deleted_at` timestamp NULL DEFAULT NULL
) ENGINE=InnoDB DEFAULT CHARSET=utf8mb4 COLLATE=utf8mb4_unicode_ci;

--
-- Triggers `products`
--
DELIMITER $$
CREATE TRIGGER `validate_product_prices` BEFORE INSERT ON `products` FOR EACH ROW BEGIN
                IF NEW.buying_price < 0 THEN
                    SIGNAL SQLSTATE "45000"
                    SET MESSAGE_TEXT = "Buying price cannot be negative.";
                END IF;
                IF NEW.selling_price < 0 THEN
                    SIGNAL SQLSTATE "45000"
                    SET MESSAGE_TEXT = "Selling price cannot be negative.";
                END IF;
            END
$$
DELIMITER ;

-- --------------------------------------------------------

--
-- Table structure for table `roles`
--

CREATE TABLE `roles` (
  `id` bigint(20) UNSIGNED NOT NULL,
  `name` varchar(255) NOT NULL,
  `guard_name` varchar(255) NOT NULL,
  `created_at` timestamp NULL DEFAULT NULL,
  `updated_at` timestamp NULL DEFAULT NULL
) ENGINE=InnoDB DEFAULT CHARSET=utf8mb4 COLLATE=utf8mb4_unicode_ci;

--
-- Dumping data for table `roles`
--

INSERT INTO `roles` (`id`, `name`, `guard_name`, `created_at`, `updated_at`) VALUES
(1, 'SuperAdmin', 'web', '2025-05-04 02:10:00', '2025-05-04 02:10:00'),
(2, 'Admin', 'web', '2025-05-04 02:10:00', '2025-05-04 02:10:00'),
(3, 'Account', 'web', '2025-05-04 02:10:00', '2025-05-04 02:10:00'),
(4, 'Manager', 'web', '2025-05-04 02:10:00', '2025-05-04 02:10:00');

-- --------------------------------------------------------

--
-- Table structure for table `role_has_permissions`
--

CREATE TABLE `role_has_permissions` (
  `permission_id` bigint(20) UNSIGNED NOT NULL,
  `role_id` bigint(20) UNSIGNED NOT NULL
) ENGINE=InnoDB DEFAULT CHARSET=utf8mb4 COLLATE=utf8mb4_unicode_ci;

--
-- Dumping data for table `role_has_permissions`
--

INSERT INTO `role_has_permissions` (`permission_id`, `role_id`) VALUES
(1, 1),
(2, 1),
(2, 4),
(3, 1),
(3, 2),
(3, 3),
(4, 1),
(4, 2),
(4, 3),
(5, 1),
(6, 1),
(7, 1),
(7, 4),
(8, 1),
(8, 4),
(9, 1),
(9, 4),
(10, 1),
(11, 1),
(11, 2),
(11, 3),
(12, 1);

-- --------------------------------------------------------

--
-- Table structure for table `sales_by_category_procedure`
--

CREATE TABLE `sales_by_category_procedure` (
  `id` bigint(20) UNSIGNED NOT NULL,
  `created_at` timestamp NULL DEFAULT NULL,
  `updated_at` timestamp NULL DEFAULT NULL
) ENGINE=InnoDB DEFAULT CHARSET=utf8mb4 COLLATE=utf8mb4_unicode_ci;

-- --------------------------------------------------------

--
-- Table structure for table `suppliers`
--

CREATE TABLE `suppliers` (
  `id` bigint(20) UNSIGNED NOT NULL,
  `name` varchar(255) NOT NULL,
  `email` varchar(255) NOT NULL,
  `phone` varchar(255) NOT NULL,
  `address` text DEFAULT NULL,
  `shopname` varchar(255) DEFAULT NULL,
  `photo` varchar(255) DEFAULT NULL,
  `type` varchar(255) DEFAULT NULL,
  `account_holder` varchar(255) DEFAULT NULL,
  `account_number` varchar(255) DEFAULT NULL,
  `bank_name` varchar(255) DEFAULT NULL,
  `bank_branch` varchar(255) DEFAULT NULL,
  `city` varchar(255) DEFAULT NULL,
  `created_at` timestamp NULL DEFAULT NULL,
  `updated_at` timestamp NULL DEFAULT NULL,
  `deleted_at` timestamp NULL DEFAULT NULL
) ENGINE=InnoDB DEFAULT CHARSET=utf8mb4 COLLATE=utf8mb4_unicode_ci;

--
-- Triggers `suppliers`
--
DELIMITER $$
CREATE TRIGGER `validate_supplier_contact` BEFORE INSERT ON `suppliers` FOR EACH ROW BEGIN
    -- Validate phone: must be numeric and exactly 11 digits (PH number format)
    IF NEW.phone IS NULL OR CHAR_LENGTH(NEW.phone) != 11 OR NEW.phone REGEXP "[^0-9]" THEN
        SIGNAL SQLSTATE "45000"
        SET MESSAGE_TEXT = "Invalid phone number: must be 11 numeric digits (PH format)", MYSQL_ERRNO = 1001;
    END IF;

    -- Validate email: must contain @ and .
    IF NEW.email IS NULL OR INSTR(NEW.email, "@") = 0 OR INSTR(NEW.email, ".") = 0 THEN
        SIGNAL SQLSTATE "45000"
        SET MESSAGE_TEXT = "Invalid email address format", MYSQL_ERRNO = 1002;
    END IF;
END
$$
DELIMITER ;

-- --------------------------------------------------------

--
-- Table structure for table `top_products_view`
--

CREATE TABLE `top_products_view` (
  `id` bigint(20) UNSIGNED NOT NULL,
  `created_at` timestamp NULL DEFAULT NULL,
  `updated_at` timestamp NULL DEFAULT NULL
) ENGINE=InnoDB DEFAULT CHARSET=utf8mb4 COLLATE=utf8mb4_unicode_ci;

-- --------------------------------------------------------

--
-- Table structure for table `users`
--

CREATE TABLE `users` (
  `id` bigint(20) UNSIGNED NOT NULL,
  `name` varchar(255) NOT NULL,
  `email` varchar(255) NOT NULL,
  `email_verified_at` timestamp NULL DEFAULT NULL,
  `password` varchar(255) NOT NULL,
  `remember_token` varchar(100) DEFAULT NULL,
  `created_at` timestamp NULL DEFAULT NULL,
  `updated_at` timestamp NULL DEFAULT NULL,
  `username` varchar(255) NOT NULL,
  `photo` varchar(255) DEFAULT NULL
) ENGINE=InnoDB DEFAULT CHARSET=utf8mb4 COLLATE=utf8mb4_unicode_ci;

--
-- Dumping data for table `users`
--

INSERT INTO `users` (`id`, `name`, `email`, `email_verified_at`, `password`, `remember_token`, `created_at`, `updated_at`, `username`, `photo`) VALUES
(1, 'Admin', 'nellas@gmail.com', '2025-05-04 02:10:00', '$2y$10$92IXUNpkjO0rOQ5byMi.Ye4oKoEa3Ro9llC/.og/at2.uheWG/igi', 'q243LXIpTY', '2025-05-04 02:10:00', '2025-05-04 02:10:00', 'admin', NULL),
(2, 'User', 'user@gmail.com', '2025-05-04 02:10:00', '$2y$10$92IXUNpkjO0rOQ5byMi.Ye4oKoEa3Ro9llC/.og/at2.uheWG/igi', '56lmhJ7Djd', '2025-05-04 02:10:00', '2025-05-04 02:10:00', 'user', NULL);

--
-- Indexes for dumped tables
--

--
-- Indexes for table `attendences`
--
ALTER TABLE `attendences`
  ADD PRIMARY KEY (`id`);

--
-- Indexes for table `categories`
--
ALTER TABLE `categories`
  ADD PRIMARY KEY (`id`),
  ADD UNIQUE KEY `categories_name_unique` (`name`),
  ADD UNIQUE KEY `categories_slug_unique` (`slug`);

--
-- Indexes for table `customers`
--
ALTER TABLE `customers`
  ADD PRIMARY KEY (`id`),
  ADD UNIQUE KEY `customers_email_unique` (`email`),
  ADD UNIQUE KEY `customers_phone_unique` (`phone`);

--
-- Indexes for table `employees`
--
ALTER TABLE `employees`
  ADD PRIMARY KEY (`id`),
  ADD UNIQUE KEY `employees_email_unique` (`email`),
  ADD UNIQUE KEY `employees_phone_unique` (`phone`);

--
-- Indexes for table `failed_jobs`
--
ALTER TABLE `failed_jobs`
  ADD PRIMARY KEY (`id`),
  ADD UNIQUE KEY `failed_jobs_uuid_unique` (`uuid`);

--
-- Indexes for table `low_stock_procedure`
--
ALTER TABLE `low_stock_procedure`
  ADD PRIMARY KEY (`id`);

--
-- Indexes for table `migrations`
--
ALTER TABLE `migrations`
  ADD PRIMARY KEY (`id`);

--
-- Indexes for table `model_has_permissions`
--
ALTER TABLE `model_has_permissions`
  ADD PRIMARY KEY (`permission_id`,`model_id`,`model_type`),
  ADD KEY `model_has_permissions_model_id_model_type_index` (`model_id`,`model_type`);

--
-- Indexes for table `model_has_roles`
--
ALTER TABLE `model_has_roles`
  ADD PRIMARY KEY (`role_id`,`model_id`,`model_type`),
  ADD KEY `model_has_roles_model_id_model_type_index` (`model_id`,`model_type`);

--
-- Indexes for table `orders`
--
ALTER TABLE `orders`
  ADD PRIMARY KEY (`id`);

--
-- Indexes for table `order_details`
--
ALTER TABLE `order_details`
  ADD PRIMARY KEY (`id`);

--
-- Indexes for table `password_reset_tokens`
--
ALTER TABLE `password_reset_tokens`
  ADD PRIMARY KEY (`email`);

--
-- Indexes for table `permissions`
--
ALTER TABLE `permissions`
  ADD PRIMARY KEY (`id`),
  ADD UNIQUE KEY `permissions_name_guard_name_unique` (`name`,`guard_name`);

--
-- Indexes for table `personal_access_tokens`
--
ALTER TABLE `personal_access_tokens`
  ADD PRIMARY KEY (`id`),
  ADD UNIQUE KEY `personal_access_tokens_token_unique` (`token`),
  ADD KEY `personal_access_tokens_tokenable_type_tokenable_id_index` (`tokenable_type`,`tokenable_id`);

--
-- Indexes for table `products`
--
ALTER TABLE `products`
  ADD PRIMARY KEY (`id`);

--
-- Indexes for table `roles`
--
ALTER TABLE `roles`
  ADD PRIMARY KEY (`id`),
  ADD UNIQUE KEY `roles_name_guard_name_unique` (`name`,`guard_name`);

--
-- Indexes for table `role_has_permissions`
--
ALTER TABLE `role_has_permissions`
  ADD PRIMARY KEY (`permission_id`,`role_id`),
  ADD KEY `role_has_permissions_role_id_foreign` (`role_id`);

--
-- Indexes for table `sales_by_category_procedure`
--
ALTER TABLE `sales_by_category_procedure`
  ADD PRIMARY KEY (`id`);

--
-- Indexes for table `suppliers`
--
ALTER TABLE `suppliers`
  ADD PRIMARY KEY (`id`),
  ADD UNIQUE KEY `suppliers_email_unique` (`email`),
  ADD UNIQUE KEY `suppliers_phone_unique` (`phone`);

--
-- Indexes for table `top_products_view`
--
ALTER TABLE `top_products_view`
  ADD PRIMARY KEY (`id`);

--
-- Indexes for table `users`
--
ALTER TABLE `users`
  ADD PRIMARY KEY (`id`),
  ADD UNIQUE KEY `users_email_unique` (`email`),
  ADD UNIQUE KEY `users_username_unique` (`username`);

--
-- AUTO_INCREMENT for dumped tables
--

--
-- AUTO_INCREMENT for table `attendences`
--
ALTER TABLE `attendences`
  MODIFY `id` bigint(20) UNSIGNED NOT NULL AUTO_INCREMENT;

--
-- AUTO_INCREMENT for table `categories`
--
ALTER TABLE `categories`
  MODIFY `id` bigint(20) UNSIGNED NOT NULL AUTO_INCREMENT, AUTO_INCREMENT=2;

--
-- AUTO_INCREMENT for table `customers`
--
ALTER TABLE `customers`
  MODIFY `id` bigint(20) UNSIGNED NOT NULL AUTO_INCREMENT;

--
-- AUTO_INCREMENT for table `employees`
--
ALTER TABLE `employees`
  MODIFY `id` bigint(20) UNSIGNED NOT NULL AUTO_INCREMENT;

--
-- AUTO_INCREMENT for table `failed_jobs`
--
ALTER TABLE `failed_jobs`
  MODIFY `id` bigint(20) UNSIGNED NOT NULL AUTO_INCREMENT;

--
-- AUTO_INCREMENT for table `low_stock_procedure`
--
ALTER TABLE `low_stock_procedure`
  MODIFY `id` bigint(20) UNSIGNED NOT NULL AUTO_INCREMENT;

--
-- AUTO_INCREMENT for table `migrations`
--
ALTER TABLE `migrations`
  MODIFY `id` int(10) UNSIGNED NOT NULL AUTO_INCREMENT, AUTO_INCREMENT=35;

--
-- AUTO_INCREMENT for table `orders`
--
ALTER TABLE `orders`
  MODIFY `id` bigint(20) UNSIGNED NOT NULL AUTO_INCREMENT;

--
-- AUTO_INCREMENT for table `order_details`
--
ALTER TABLE `order_details`
  MODIFY `id` bigint(20) UNSIGNED NOT NULL AUTO_INCREMENT;

--
-- AUTO_INCREMENT for table `permissions`
--
ALTER TABLE `permissions`
  MODIFY `id` bigint(20) UNSIGNED NOT NULL AUTO_INCREMENT, AUTO_INCREMENT=13;

--
-- AUTO_INCREMENT for table `personal_access_tokens`
--
ALTER TABLE `personal_access_tokens`
  MODIFY `id` bigint(20) UNSIGNED NOT NULL AUTO_INCREMENT;

--
-- AUTO_INCREMENT for table `products`
--
ALTER TABLE `products`
  MODIFY `id` bigint(20) UNSIGNED NOT NULL AUTO_INCREMENT;

--
-- AUTO_INCREMENT for table `roles`
--
ALTER TABLE `roles`
  MODIFY `id` bigint(20) UNSIGNED NOT NULL AUTO_INCREMENT, AUTO_INCREMENT=5;

--
-- AUTO_INCREMENT for table `sales_by_category_procedure`
--
ALTER TABLE `sales_by_category_procedure`
  MODIFY `id` bigint(20) UNSIGNED NOT NULL AUTO_INCREMENT;

--
-- AUTO_INCREMENT for table `suppliers`
--
ALTER TABLE `suppliers`
  MODIFY `id` bigint(20) UNSIGNED NOT NULL AUTO_INCREMENT;

--
-- AUTO_INCREMENT for table `top_products_view`
--
ALTER TABLE `top_products_view`
  MODIFY `id` bigint(20) UNSIGNED NOT NULL AUTO_INCREMENT;

--
-- AUTO_INCREMENT for table `users`
--
ALTER TABLE `users`
  MODIFY `id` bigint(20) UNSIGNED NOT NULL AUTO_INCREMENT, AUTO_INCREMENT=3;

--
-- Constraints for dumped tables
--

--
-- Constraints for table `model_has_permissions`
--
ALTER TABLE `model_has_permissions`
  ADD CONSTRAINT `model_has_permissions_permission_id_foreign` FOREIGN KEY (`permission_id`) REFERENCES `permissions` (`id`) ON DELETE CASCADE;

--
-- Constraints for table `model_has_roles`
--
ALTER TABLE `model_has_roles`
  ADD CONSTRAINT `model_has_roles_role_id_foreign` FOREIGN KEY (`role_id`) REFERENCES `roles` (`id`) ON DELETE CASCADE;

--
-- Constraints for table `role_has_permissions`
--
ALTER TABLE `role_has_permissions`
  ADD CONSTRAINT `role_has_permissions_permission_id_foreign` FOREIGN KEY (`permission_id`) REFERENCES `permissions` (`id`) ON DELETE CASCADE,
  ADD CONSTRAINT `role_has_permissions_role_id_foreign` FOREIGN KEY (`role_id`) REFERENCES `roles` (`id`) ON DELETE CASCADE;
COMMIT;

/*!40101 SET CHARACTER_SET_CLIENT=@OLD_CHARACTER_SET_CLIENT */;
/*!40101 SET CHARACTER_SET_RESULTS=@OLD_CHARACTER_SET_RESULTS */;
/*!40101 SET COLLATION_CONNECTION=@OLD_COLLATION_CONNECTION */;
